"cdlinhaitinerario","cdlinha","cdlinhasituacao"
34,50,2
48,73,2
84,133,2
87,136,2
98,152,2
99,153,2
50,75,3
51,76,3
56,92,3
62,104,3
63,105,3
64,108,3
77,124,3
79,127,3
85,134,3
88,137,3
89,138,3
90,141,3
91,143,3
92,144,3
93,145,3
94,146,3
4,7,3
12,17,3
13,18,3
14,19,3
15,20,3
2,3,3
3,5,3
16,23,3
25,37,3
33,45,3
58,99,3
66,110,3
67,111,3
68,112,3
69,113,3
70,114,3
75,120,3
71,115,3
72,116,3
73,118,3
74,119,3
76,121,3
80,128,3
81,130,3
82,131,3
83,132,3
5,8,3
37,59,3
41,66,3
40,65,3
9,13,3
11,15,3
10,14,3
30,42,3
31,43,3
26,38,3
27,39,3
28,40,3
29,41,3
60,102,3
61,103,3
44,69,3
45,70,3
46,71,3
47,72,3
49,74,3
52,83,3
100,154,3
101,155,3
102,160,3
103,164,3
53,84,3
43,68,3
54,89,3
55,91,3
21,30,3
23,32,3
24,33,3
22,31,3
1,2,3
17,24,3
18,26,3
19,27,3
20,28,3
32,44,3
96,150,3
97,151,3
104,165,3
106,168,3
105,166,3
107,171,3
38,60,3
39,61,3
36,58,3
6,10,3
57,95,3
78,125,3
59,101,3
35,53,3
114,186,2
125,198,2
128,202,2
156,237,2
173,264,2
174,265,2
203,307,2
204,308,2
206,310,2
207,311,2
211,315,2
118,191,3
120,193,3
119,192,3
117,190,3
123,196,3
121,194,3
122,195,3
126,199,3
127,200,3
132,206,3
133,207,3
135,209,3
134,208,3
160,243,3
167,256,3
168,258,3
169,259,3
170,260,3
171,261,3
172,262,3
175,266,3
176,267,3
177,268,3
178,269,3
198,302,3
199,303,3
200,304,3
202,306,3
162,246,3
161,245,3
185,278,3
186,279,3
187,280,3
192,291,3
129,203,3
130,204,3
165,251,3
166,253,3
179,271,3
180,273,3
181,274,3
182,275,3
183,276,3
184,277,3
188,282,3
190,286,3
209,313,3
210,314,3
146,225,3
154,235,3
155,236,3
157,238,3
158,240,3
159,241,3
163,247,3
164,248,3
137,216,3
138,217,3
139,218,3
142,221,3
143,222,3
144,223,3
140,219,3
150,230,3
151,231,3
152,232,3
153,233,3
124,197,3
195,299,3
136,215,3
148,228,3
149,229,3
194,298,3
108,172,3
109,173,3
110,175,3
111,177,3
112,180,3
113,181,3
193,297,3
197,301,3
213,317,3
115,188,3
214,318,3
205,309,3
145,224,3
196,300,3
212,316,3
147,226,3
191,290,3
233,342,2
254,365,2
262,373,2
284,403,2
318,450,2
243,352,3
245,354,3
244,353,3
246,355,3
247,356,3
248,357,3
249,358,3
253,364,3
255,366,3
257,368,3
258,369,3
260,371,3
261,372,3
300,424,3
305,431,3
303,429,3
304,430,3
306,432,3
307,433,3
308,435,3
309,436,3
310,437,3
311,441,3
312,442,3
252,363,3
264,375,3
266,378,3
268,381,3
265,376,3
294,418,3
295,419,3
296,420,3
297,421,3
313,444,3
314,445,3
315,446,3
316,447,3
319,451,3
320,452,3
321,453,3
240,349,3
259,370,3
289,412,3
290,413,3
298,422,3
241,350,3
317,448,3
274,390,3
276,393,3
277,394,3
275,391,3
288,408,3
291,414,3
218,322,3
278,395,3
279,396,3
280,398,3
281,400,3
283,402,3
286,405,3
287,407,3
301,425,3
302,426,3
270,385,3
271,386,3
272,387,3
273,388,3
219,323,3
220,325,3
221,328,3
292,416,3
293,417,3
217,321,3
215,319,3
222,329,3
225,333,3
226,334,3
223,330,3
224,332,3
227,335,3
228,336,3
230,338,3
231,339,3
234,343,3
237,346,3
238,347,3
239,348,3
235,344,3
236,345,3
232,340,3
250,359,3
251,361,3
263,374,3
216,320,3
282,401,3
285,404,3
357,494,3
359,496,3
424,580,3
425,581,3
348,484,3
349,485,3
340,476,3
337,473,3
346,482,3
354,490,3
417,570,3
418,571,3
419,572,3
420,574,3
365,504,3
427,584,3
323,455,3
325,458,3
326,459,3
426,583,3
324,456,3
328,462,3
329,463,3
327,461,3
331,465,3
332,467,3
333,468,3
336,472,3
338,474,3
339,475,3
347,483,3
356,493,3
360,498,3
361,499,3
362,500,3
363,501,3
364,502,3
421,577,3
422,578,3
423,579,3
428,587,3
376,519,3
378,521,3
379,522,3
380,523,3
382,525,3
383,526,3
384,527,3
385,528,3
355,491,3
386,529,3
387,531,3
322,454,3
388,532,3
330,464,3
389,533,3
377,520,3
391,536,3
392,537,3
393,538,3
394,539,3
395,540,3
396,541,3
398,544,3
399,546,3
400,548,3
401,550,3
402,551,3
403,553,3
407,560,3
408,561,3
409,562,3
410,563,3
390,534,3
405,557,3
406,559,3
368,510,3
369,511,3
370,512,3
371,513,3
372,514,3
412,565,3
413,566,3
415,568,3
416,569,3
414,567,3
367,509,3
373,515,3
374,516,3
375,518,3
335,470,3
341,477,3
342,478,3
343,479,3
344,480,3
345,481,3
351,487,3
352,488,3
353,489,3
366,506,3
429,588,2
469,667,2
471,669,2
503,719,2
522,744,2
529,757,2
533,764,2
443,607,3
444,608,3
463,661,3
467,665,3
468,666,3
470,668,3
483,683,3
484,684,3
485,686,3
492,697,3
493,698,3
494,699,3
491,696,3
495,702,3
504,720,3
505,721,3
509,728,3
510,729,3
526,753,3
530,760,3
531,762,3
532,763,3
534,765,3
535,767,3
466,664,3
486,687,3
502,716,3
525,752,3
437,600,3
438,601,3
439,602,3
440,603,3
441,604,3
479,678,3
481,680,3
480,679,3
519,741,3
430,589,3
431,590,3
472,670,3
474,672,3
515,737,3
516,738,3
517,739,3
518,740,3
528,756,3
511,731,3
512,732,3
513,733,3
514,734,3
520,742,3
521,743,3
445,610,3
447,615,3
446,614,3
448,616,3
449,617,3
450,620,3
451,621,3
452,624,3
453,625,3
454,626,3
455,627,3
457,632,3
475,673,3
476,674,3
506,725,3
507,726,3
508,727,3
460,656,3
461,657,3
462,660,3
464,662,3
465,663,3
496,703,3
497,704,3
498,705,3
499,709,3
458,634,3
459,635,3
501,712,3
487,689,3
473,671,3
477,676,3
482,682,3
488,691,3
489,692,3
436,599,3
478,677,3
432,594,3
435,598,3
434,597,3
433,595,3
500,710,3
538,770,2
573,822,2
589,843,2
602,863,2
614,881,2
615,883,2
621,896,2
539,773,3
540,774,3
537,769,3
542,778,3
541,777,3
543,779,3
565,808,3
546,782,3
568,816,3
585,839,3
634,920,3
560,801,3
561,802,3
640,928,3
576,825,3
577,826,3
599,858,3
641,929,3
600,859,3
642,930,3
603,864,3
619,894,3
626,901,3
627,902,3
628,903,3
629,904,3
567,811,3
616,885,3
617,888,3
618,889,3
578,827,3
580,829,3
581,830,3
579,828,3
586,840,3
588,842,3
587,841,3
590,844,3
591,845,3
592,846,3
544,780,3
553,793,3
558,798,3
562,803,3
563,805,3
572,821,3
574,823,3
575,824,3
595,853,3
605,866,3
606,867,3
607,868,3
609,873,3
620,895,3
622,897,3
635,922,3
636,923,3
637,925,3
638,926,3
559,800,3
598,856,3
608,869,3
610,875,3
639,927,3
611,876,3
612,879,3
613,880,3
547,785,3
548,787,3
549,788,3
550,789,3
551,791,3
552,792,3
554,794,3
555,795,3
556,796,3
557,797,3
545,781,3
633,919,3
582,832,3
584,835,3
631,913,3
632,914,3
566,809,3
569,818,3
570,819,3
596,854,3
597,855,3
623,898,3
624,899,3
583,833,3
625,900,3
604,865,3
593,848,3
719,1070,2
651,945,3
682,1015,3
683,1016,3
684,1017,3
703,1042,3
713,1061,3
715,1064,3
714,1062,3
721,1072,3
729,1084,3
730,1085,3
742,1102,3
671,991,3
672,992,3
643,931,3
669,987,3
646,939,3
647,941,3
648,942,3
649,943,3
700,1038,3
661,972,3
722,1073,3
706,1050,3
707,1051,3
741,1101,3
709,1054,3
693,1030,3
710,1056,3
711,1057,3
652,946,3
653,949,3
660,968,3
702,1041,3
704,1043,3
705,1044,3
731,1086,3
738,1097,3
677,1003,3
678,1004,3
720,1071,3
732,1087,3
737,1096,3
662,979,3
663,980,3
691,1028,3
680,1006,3
655,960,3
664,981,3
665,982,3
668,986,3
679,1005,3
685,1019,3
686,1020,3
701,1039,3
723,1076,3
724,1077,3
712,1058,3
727,1082,3
675,999,3
676,1000,3
694,1031,3
695,1033,3
697,1035,3
698,1036,3
739,1098,3
748,1113,3
658,964,3
674,997,3
734,1093,3
733,1089,3
743,1103,3
744,1104,3
745,1105,3
747,1109,3
746,1106,3
644,936,3
687,1021,3
688,1022,3
666,983,3
667,984,3
736,1095,3
689,1024,3
654,957,3
717,1067,3
718,1068,3
645,937,3
708,1053,3
716,1065,3
725,1079,3
726,1080,3
673,994,3
681,1014,3
657,963,3
699,1037,3
740,1099,3
749,1114,3
656,961,3
670,989,3
753,1119,2
754,1120,2
764,1133,2
778,1157,2
796,1187,2
839,1253,2
842,1260,2
847,1266,2
848,1267,2
849,1268,2
771,1147,3
770,1146,3
767,1141,3
776,1155,3
777,1156,3
782,1163,3
755,1121,3
790,1174,3
791,1177,3
766,1140,3
797,1188,3
774,1151,3
775,1153,3
798,1189,3
799,1190,3
803,1196,3
807,1201,3
783,1164,3
808,1206,3
817,1221,3
818,1222,3
784,1165,3
819,1223,3
820,1224,3
846,1265,3
756,1122,3
757,1123,3
759,1125,3
768,1142,3
826,1234,3
793,1180,3
794,1183,3
795,1184,3
813,1217,3
814,1218,3
822,1230,3
823,1231,3
824,1232,3
825,1233,3
840,1258,3
841,1259,3
855,1284,3
785,1166,3
786,1167,3
843,1261,3
844,1262,3
845,1263,3
802,1195,3
750,1116,3
751,1117,3
752,1118,3
760,1126,3
772,1149,3
773,1150,3
787,1170,3
816,1220,3
827,1235,3
852,1278,3
812,1216,3
829,1242,3
838,1252,3
837,1251,3
836,1250,3
834,1248,3
833,1247,3
815,1219,3
830,1244,3
831,1245,3
832,1246,3
850,1272,3
792,1179,3
811,1215,3
821,1225,3
828,1240,3
761,1127,3
762,1129,3
763,1132,3
779,1159,3
788,1172,3
789,1173,3
851,1275,3
801,1194,3
804,1198,3
805,1199,3
806,1200,3
853,1279,3
854,1281,3
780,1161,3
781,1162,3
809,1209,3
810,1212,3
865,1298,2
866,1299,2
870,1304,2
943,1432,2
950,1440,2
903,1356,3
879,1317,3
899,1349,3
910,1365,3
892,1336,3
857,1286,3
867,1300,3
858,1287,3
859,1288,3
886,1326,3
887,1327,3
888,1328,3
889,1329,3
900,1353,3
909,1364,3
914,1369,3
915,1370,3
901,1354,3
916,1371,3
902,1355,3
918,1374,3
904,1357,3
905,1358,3
906,1359,3
907,1360,3
908,1362,3
911,1366,3
919,1375,3
921,1384,3
922,1385,3
949,1439,3
877,1314,3
878,1315,3
913,1368,3
893,1339,3
871,1305,3
874,1309,3
875,1311,3
891,1332,3
868,1301,3
955,1445,3
956,1446,3
935,1417,3
936,1418,3
925,1403,3
932,1414,3
954,1444,3
880,1319,3
881,1320,3
882,1321,3
883,1322,3
884,1324,3
885,1325,3
890,1331,3
876,1312,3
942,1427,3
929,1411,3
930,1412,3
938,1421,3
898,1346,3
920,1382,3
945,1434,3
946,1435,3
948,1437,3
952,1442,3
953,1443,3
926,1407,3
927,1408,3
928,1409,3
937,1419,3
939,1422,3
944,1433,3
861,1290,3
862,1291,3
863,1294,3
894,1340,3
895,1341,3
896,1343,3
897,1345,3
912,1367,3
873,1307,3
923,1391,3
933,1415,3
934,1416,3
940,1423,3
941,1424,3
951,1441,3
869,1303,3
957,1448,3
958,1449,3
959,1450,3
960,1451,3
961,1452,3
962,1453,3
963,1454,3
924,1399,3
970,1461,2
977,1473,2
978,1474,2
1004,1539,2
1009,1551,2
1010,1553,2
1030,1624,2
1035,1644,2
1047,1676,2
1100,1803,2
1104,1807,2
1101,1804,3
1103,1806,3
1019,1592,3
1039,1650,3
1038,1649,3
1037,1648,3
992,1502,3
991,1501,3
993,1508,3
995,1514,3
1032,1635,3
1033,1639,3
1008,1549,3
1053,1686,3
1052,1685,3
1056,1689,3
1054,1687,3
1055,1688,3
1029,1623,3
976,1471,3
1011,1559,3
997,1520,3
1013,1562,3
1012,1561,3
1014,1563,3
1062,1702,3
1063,1703,3
999,1531,3
1018,1571,3
969,1460,3
984,1487,3
1003,1538,3
1020,1594,3
1021,1595,3
1023,1605,3
1025,1607,3
1024,1606,3
1026,1610,3
1027,1612,3
1031,1625,3
1041,1664,3
1044,1670,3
1042,1665,3
1043,1668,3
1065,1708,3
1006,1544,3
1040,1653,3
1045,1673,3
1046,1675,3
1050,1679,3
1048,1677,3
1049,1678,3
1051,1681,3
1007,1547,3
1015,1566,3
1016,1567,3
1017,1569,3
1028,1621,3
985,1492,3
986,1493,3
987,1496,3
988,1497,3
989,1498,3
1001,1533,3
996,1517,3
983,1481,3
1000,1532,3
1057,1690,3
1058,1691,3
1059,1693,3
1061,1696,3
1060,1695,3
966,1457,3
967,1458,3
968,1459,3
981,1478,3
979,1475,3
980,1476,3
971,1463,3
1034,1642,3
1064,1707,3
974,1468,3
975,1469,3
972,1466,3
982,1479,3
1036,1645,3
1002,1535,3
964,1455,3
965,1456,3
1022,1596,3
1105,1808,2
1106,1809,2
1107,1818,2
1108,1846,2
1109,1800,2
1110,1817,2
1111,1820,2
1112,1816,2
1113,1810,2
1114,1827,2
1118,1832,2
1120,1835,2
1121,1829,2
1122,1811,2
1123,1821,2
1124,1834,2
1125,1840,2
1126,1836,2
1127,1839,2
1128,1841,2
1129,1823,2
1130,1813,2
1131,1822,2
1132,1812,2
1133,1825,2
1134,1819,2
1135,1815,2
1136,1824,2
1138,1844,2
1139,1801,2
1140,1837,2
1141,1802,2
1142,1838,2
1143,1842,2
1144,1845,2
1145,1833,2
1146,1843,2
1168,141,2
1147,1805,2
1102,1805,3
1148,1804,2
1149,1806,2
1169,143,2
1150,1814,2
1117,1814,3
1151,1828,2
1119,1828,3
1152,1830,2
1116,1830,3
1153,1831,2
1137,1831,3
1154,12,2
8,12,3
1155,75,2
1156,76,2
1157,92,2
1158,104,2
1160,105,2
1159,105,3
1161,108,2
1162,124,2
1163,127,2
1164,134,2
1165,135,2
86,135,3
1166,137,2
1167,138,2
1170,144,2
1171,145,2
1172,146,2
1173,189,2
116,189,3
1174,191,2
1179,194,2
1176,192,2
1177,190,2
1178,196,2
1180,195,2
1181,199,2
1182,200,2
1185,206,2
1183,205,2
131,205,3
1184,193,2
1175,193,3
1186,207,2
1188,208,2
1187,209,2
1189,243,2
1190,256,2
1191,258,2
1192,259,2
1193,260,2
1194,261,2
1195,262,2
1196,265,1
1197,7,2
1247,698,2
1199,266,2
1248,699,2
1200,267,2
1201,268,2
1202,269,2
1249,696,2
1198,17,2
1203,302,3
1205,303,2
1207,304,2
1208,302,2
1204,302,3
1209,19,2
1210,18,2
1206,18,3
1211,305,2
201,305,3
1212,20,2
1213,306,2
1215,351,2
242,351,3
1216,352,2
1217,354,2
1218,353,2
1219,355,2
1214,246,2
1220,356,2
1221,357,2
1261,768,2
1223,245,2
1250,702,2
1224,278,2
1225,279,2
1226,280,2
1227,291,2
1222,358,2
1228,364,2
1229,366,2
1230,367,2
256,367,3
1231,368,2
1232,369,2
1233,371,2
1234,372,2
1235,606,2
442,606,3
1236,607,2
1237,608,2
1238,661,2
1239,665,2
1240,666,2
1241,668,2
1242,683,2
1243,684,2
1244,686,2
1245,695,2
490,695,3
1246,697,2
536,768,3
1251,720,2
1252,721,2
1253,728,2
1254,729,2
1255,753,2
1256,760,2
1257,762,2
1258,763,2
1259,765,2
1260,767,2
1264,769,2
1262,773,2
1265,778,2
1263,774,2
1267,777,2
1268,779,2
1266,424,2
1269,808,2
1270,436,1
1271,431,2
1273,944,2
650,944,3
1274,945,2
1272,429,2
1275,430,2
1276,1015,2
1277,432,2
1278,1016,2
1281,1061,2
1279,1017,2
1280,1042,2
1282,1064,2
1284,1062,2
1283,1062,3
1328,284,2
1285,1072,2
1286,1083,2
728,1083,3
1287,433,2
1288,1084,2
1289,1085,2
1291,435,2
189,284,3
1290,1102,2
1292,436,2
1294,437,2
1295,441,2
1293,1145,2
769,1145,3
1297,442,2
1296,1147,2
1299,1146,2
1298,495,2
358,495,3
1300,494,2
1301,496,2
1329,286,2
1303,580,2
1304,992,2
1305,581,2
1306,664,2
1307,3,2
1309,5,2
1308,782,2
1310,23,2
1311,37,2
1313,45,2
1312,816,2
1314,99,2
1316,203,2
1317,204,2
1318,251,2
1319,253,2
1330,313,2
1315,820,2
571,820,3
1320,271,2
1322,274,2
1323,273,2
1321,273,3
1324,275,2
1325,276,2
1326,277,2
1327,282,2
1331,314,2
1332,363,2
1333,687,2
1334,716,2
1335,839,2
1336,920,2
1337,801,2
1339,802,2
1338,928,2
1340,825,2
1341,826,2
1342,858,2
1343,929,2
1344,859,2
1348,931,2
1345,930,2
1346,864,2
1347,894,2
1350,901,2
1351,902,2
1352,903,2
1353,904,2
1354,939,2
1349,987,2
1356,941,2
1357,942,2
1358,943,2
1359,972,2
1355,1038,2
1361,1050,2
1360,1073,2
1362,1051,2
1366,1156,2
1364,1141,2
1363,1101,2
1365,1155,2
1367,1163,2
1368,1121,2
1369,1174,2
1370,1177,2
1372,1140,2
1373,1188,2
1371,1139,2
765,1139,3
1430,1123,2
1374,1151,2
1431,1124,2
1376,1153,2
758,1124,3
1375,1189,2
1377,1190,2
1378,1196,2
1380,1201,2
1432,1125,2
1379,1164,2
1381,1206,2
1382,1221,2
1384,1222,2
1383,1165,2
1385,1223,2
1386,1224,2
1387,1265,2
1388,1296,2
864,1296,3
1389,1356,2
1390,109,2
65,109,3
1391,110,2
1392,111,2
1393,112,2
1394,113,2
1395,114,2
1396,120,2
1397,115,2
1398,116,2
1399,118,2
1400,119,2
1401,121,2
1402,128,2
1403,130,2
1404,131,2
1405,132,2
1406,225,2
1407,235,2
1408,236,2
1409,238,2
1410,240,2
1411,241,2
1412,247,2
1413,248,2
1414,375,2
1415,378,2
1416,379,2
267,379,3
1417,381,2
1418,376,2
1419,811,2
1420,849,2
594,849,3
1421,885,2
1422,1054,2
1423,888,2
1424,889,2
1425,1029,2
692,1029,3
1426,1030,2
1427,1056,2
1428,1057,2
1429,1122,2
1433,1142,2
1434,1234,2
1435,1317,2
1436,1349,2
1437,8,2
1438,59,2
1439,66,2
1440,67,2
42,67,3
1441,65,2
1442,1180,2
1443,1183,2
1444,1184,2
1445,1365,2
1447,1336,2
1446,1336,3
1448,13,2
1449,15,2
1450,14,2
1451,42,2
1452,43,2
1453,216,2
1454,217,2
1455,218,2
1456,221,2
1457,222,2
1458,223,2
1459,219,2
1460,220,2
141,220,3
1461,230,2
1462,231,2
1463,232,2
1464,233,2
1465,418,2
1466,419,2
1467,420,2
1468,421,2
1469,444,2
1513,1327,2
1470,445,2
1471,446,2
1472,447,2
1473,451,2
1474,452,2
1475,453,2
1476,484,2
1477,485,2
1478,751,2
524,751,3
1479,752,2
1480,827,2
1481,829,2
1482,830,2
1483,828,2
1484,840,2
1485,842,2
1486,841,2
1487,844,2
1488,845,2
1489,846,2
1490,946,2
1491,1217,2
1492,1218,2
1493,1230,2
1494,1231,2
1495,1232,2
1496,1233,2
1497,1258,2
1498,1259,2
1514,1328,2
1499,1284,2
1515,1329,2
1500,1166,2
1501,1167,2
1509,1353,2
1502,1261,2
1503,1285,2
856,1285,3
1505,1286,2
1516,1364,2
1504,1262,2
1506,1263,2
1507,1300,2
1508,1287,2
1510,1288,2
1511,1289,2
860,1289,3
1512,1326,2
1518,1369,2
1519,1370,2
1526,38,2
1517,1354,2
1520,1371,2
1521,1355,2
1524,1358,2
1523,1374,2
1522,1357,2
1527,234,2
1525,1359,2
1528,39,2
1531,102,2
1532,40,2
1529,40,3
1533,41,2
1530,41,3
1535,197,2
1536,299,2
1534,103,2
1544,349,2
1538,215,2
1543,298,2
1539,228,2
1540,229,2
1542,70,2
1537,1195,2
1541,69,2
1545,370,2
1546,412,2
1547,413,2
1548,422,2
1549,423,2
299,423,3
1550,71,2
1551,476,2
1552,72,2
1553,74,2
1555,600,2
1556,601,2
1614,572,2
1557,602,2
1558,603,2
1559,604,2
1560,780,2
1561,793,2
1562,798,2
1554,83,2
1563,803,2
1564,805,2
1565,807,2
564,807,3
1566,821,2
1567,823,2
1568,824,2
1569,853,2
1570,866,2
1571,867,2
1572,868,2
1573,873,2
1574,895,2
1575,897,2
1576,949,2
1577,968,2
1578,1041,2
1579,1043,2
1580,1044,2
1581,1086,2
1582,1097,2
1583,1116,2
1584,1117,2
1585,1118,2
1586,1126,2
1587,1149,2
1588,1150,2
1589,1170,2
1590,1220,2
1591,1235,2
1592,1278,2
1593,1360,2
1594,1362,2
1595,1366,2
1596,1372,2
917,1372,3
1597,1375,2
1598,1384,2
1599,1385,2
1600,1439,2
1601,350,2
1602,473,2
1603,482,2
1604,486,2
350,486,3
1605,490,2
1606,1003,2
1607,1004,2
1608,1071,2
1609,1087,2
1610,1096,2
1611,1216,2
1612,570,2
1613,571,2
1615,574,2
1616,1242,2
1617,678,2
1618,680,2
1619,679,2
1620,979,2
1621,980,2
1622,11,2
7,11,3
1623,448,2
1624,504,2
1625,154,2
1626,155,2
1627,160,2
1628,164,2
1629,172,2
1630,173,2
1631,175,2
1632,177,2
1633,180,2
1634,181,2
1635,390,2
1636,393,2
1637,394,2
1638,391,2
334,469,3
1639,84,2
1640,584,2
1641,408,2
1642,414,2
1643,455,2
1644,458,2
1645,459,2
1646,583,2
1647,456,2
1648,1025,2
690,1025,3
1649,462,2
1650,463,2
1651,1028,2
1652,461,2
1653,1253,1
1654,643,2
1655,922,2
1656,923,2
1657,925,2
1658,926,2
1659,1252,2
1689,472,2
1660,991,2
1302,991,3
1662,1006,2
1690,474,2
1661,1251,2
1663,1709,2
1691,475,2
1664,1250,2
1665,297,2
1667,301,2
1666,1249,2
835,1249,3
1669,312,2
208,312,3
1668,1248,2
1670,317,2
1672,322,2
1671,1247,2
1673,395,2
1675,396,2
1674,68,2
1676,398,2
1678,400,2
1677,741,2
1679,402,2
1681,405,2
1682,407,2
1683,425,2
1684,426,2
1685,465,2
1686,467,2
1687,468,2
1688,469,2
1692,483,2
1693,493,2
1694,498,2
1695,499,2
1696,500,2
1697,501,2
1698,502,2
1699,577,2
1700,578,2
1701,579,2
1702,587,2
1703,589,2
1704,590,2
1705,637,2
1706,670,2
1680,800,2
1707,672,2
1708,856,2
1709,869,2
1710,875,2
1711,910,2
630,910,3
1712,927,2
1713,960,2
1714,981,2
1715,982,2
1716,986,2
1717,1005,2
1718,1019,2
1719,1020,2
1720,1039,2
1721,1076,2
1722,1077,2
1723,1219,2
1724,1314,2
1725,1315,2
1726,89,2
1727,91,2
1728,1058,2
1729,1082,2
1730,1368,2
1779,562,2
1731,999,2
1758,464,2
1732,1000,2
1733,1031,2
1759,533,2
1734,519,2
1735,1033,2
1737,1034,2
696,1034,3
1736,521,2
1738,1035,2
1740,1036,2
1741,1098,2
1742,1113,2
1739,522,2
1743,1244,2
1744,523,2
1745,1245,2
1746,524,2
381,524,3
1748,525,2
1747,1246,2
1749,526,2
1751,527,2
1750,1272,2
1752,528,2
1753,491,2
1754,529,2
1755,531,2
1756,454,2
1757,532,2
1761,520,2
1762,536,2
1763,537,2
1764,538,2
1765,539,2
1766,540,2
1767,541,2
1768,543,2
397,543,3
1760,876,2
1769,544,2
1770,546,2
1772,548,2
1773,550,2
1774,551,2
1775,553,2
1771,879,2
1776,560,2
1778,561,2
1777,880,2
1780,563,2
1781,737,2
1783,739,2
1782,738,2
1784,740,2
1785,755,2
527,755,3
1786,756,2
1787,964,2
1788,534,2
1789,557,2
1790,559,2
1791,997,2
1792,1339,2
1793,1305,2
1794,1309,2
1795,1311,2
1796,188,2
1797,1332,2
1798,510,2
1799,511,2
1800,512,2
1801,513,2
1803,564,2
411,564,3
1804,565,2
1805,566,2
1807,569,2
1810,515,2
1811,516,2
1813,535,2
1815,1445,2
1816,1446,2
1817,731,2
1818,732,2
1802,514,2
1806,568,2
1808,567,2
1809,509,2
1812,518,2
1814,1301,2
1819,733,2
1820,734,2
1821,742,2
1822,743,2
1823,1417,2
1824,1418,2
1825,30,2
1826,32,2
1827,33,2
1828,31,2
1829,384,2
269,384,3
1864,788,2
1830,385,2
1869,1106,2
1833,386,2
1832,386,3
1870,789,2
1834,387,2
1835,388,2
1837,323,2
1836,323,3
1838,325,2
1839,328,2
1840,610,2
1871,791,2
1841,615,2
1842,614,2
1831,2,2
1872,792,2
1843,416,2
1845,616,2
1846,617,2
1847,620,2
1873,936,2
1844,417,2
1848,621,2
1849,624,2
1850,625,2
1851,626,2
1852,627,2
1853,631,2
456,631,3
1854,785,2
1855,632,2
1857,673,2
1858,674,2
1859,725,2
1860,726,2
1861,727,2
1862,1093,2
1874,24,2
1856,787,2
1863,1089,2
1865,1103,2
1866,1104,2
1867,1105,2
1868,1109,2
1875,26,2
1876,27,2
1877,794,2
1878,28,2
1880,656,2
1881,657,2
1882,660,2
1883,662,2
1884,663,2
1887,705,2
1888,703,2
1885,703,3
1889,704,2
1886,704,3
1890,709,2
1891,1403,2
1892,470,2
1879,795,2
1893,477,2
1894,478,2
1895,479,2
1896,480,2
1897,481,2
1898,487,2
1899,488,2
1900,489,2
1901,634,2
1903,796,2
1902,635,2
1904,636,2
1905,641,2
1906,646,2
1907,647,2
1909,648,2
229,337,3
1910,649,2
1911,650,2
1912,651,2
1908,797,2
1914,652,2
1913,652,3
1915,653,2
1916,654,2
1917,655,2
1918,555,2
404,555,3
1919,712,2
1920,750,2
523,750,3
1921,781,2
1922,919,2
1923,1021,2
1924,1022,2
1925,1413,2
931,1413,3
1926,1414,2
1927,1444,2
1928,506,2
1929,832,2
1930,835,2
1931,862,2
601,862,3
1932,318,2
1933,321,2
1934,319,2
1935,913,2
1965,338,2
1937,918,3
1938,914,2
1939,1319,2
1940,1320,2
1941,1321,2
1942,1322,2
1943,1324,2
1944,1325,2
1945,1331,2
1946,689,2
1947,1312,2
1948,1387,2
1949,1427,2
1950,671,2
1951,676,2
1966,339,2
1952,809,2
1953,818,2
1954,819,2
1955,854,2
1956,855,2
1957,329,2
1958,333,2
1959,334,2
1960,330,2
1961,332,2
1962,335,2
1963,336,2
1964,337,2
1967,343,2
1968,346,2
1969,347,2
1970,348,2
1971,344,2
1972,345,2
1973,340,2
1974,898,2
1975,899,2
1977,984,2
1976,983,2
1978,1094,2
735,1094,3
1979,1095,2
1980,1024,2
1981,44,2
1982,147,2
95,147,3
1983,150,2
1984,151,2
1985,165,2
1986,168,2
1987,166,2
1988,171,2
1991,682,2
1992,691,2
1990,957,2
1994,1067,2
1995,1068,2
2000,937,2
2001,1053,2
2004,1225,2
2005,1240,2
1996,1065,2
2006,1411,2
1989,309,2
1993,692,2
1997,599,2
1998,833,2
1999,900,2
2002,1179,2
2003,1215,2
2051,1279,2
2007,1079,2
2008,1080,2
2010,1412,2
2009,1127,2
2012,1421,2
2013,677,2
2011,1129,2
2014,1132,2
2015,1159,2
2016,1172,2
2017,1173,2
2019,1275,2
2020,994,2
2021,1346,2
2022,1382,2
2023,1434,2
2024,1435,2
2025,1436,2
947,1436,3
2026,1437,2
2027,1442,2
2028,1443,2
2029,224,2
2030,359,2
2067,1650,2
2031,361,2
2032,374,2
2033,1014,2
2034,60,2
2035,61,2
2036,865,2
2037,58,2
2038,594,2
2039,848,2
2040,1407,2
2041,1408,2
2042,1409,2
2043,1419,2
2044,1422,2
2045,10,2
2052,1281,2
2046,1433,2
2018,1192,2
800,1192,3
2047,1194,2
2048,1198,2
2049,1199,2
2068,1649,2
2050,1200,2
2053,1290,2
2069,1648,2
2054,1291,2
2055,1294,2
2056,963,2
2057,1161,2
2058,1162,2
2059,1209,2
2070,95,2
2060,1212,2
2061,1340,2
2062,1341,2
2063,1343,2
2064,1345,2
2065,1367,2
2066,1592,2
2071,1502,2
2072,1501,2
2073,1508,2
2074,1509,2
994,1509,3
2076,1514,2
2078,1635,2
2079,1639,2
2080,1549,2
2081,1686,2
2082,1685,2
2083,1689,2
2084,1687,2
2075,1511,3
2085,1688,2
2086,1623,2
2087,1471,2
2088,1559,2
2077,1511,2
2089,1520,2
2090,1562,2
2091,1561,2
2148,1474,1
2092,1563,2
2093,1702,2
2094,1703,2
2095,1527,2
998,1527,3
2096,1531,2
2097,1571,2
2098,1460,2
2099,1487,2
2100,1538,2
2101,1594,2
2102,1595,2
2103,1605,2
2104,1607,2
2105,1606,2
2106,1610,2
2107,1612,2
2108,1625,2
2109,1664,2
2110,1670,2
2149,1478,2
2111,1665,2
2150,1475,2
2112,1668,2
2113,1708,2
2114,1542,2
1005,1542,3
2115,1545,2
2116,1544,2
2117,1653,2
2118,1673,2
2119,1675,2
2120,1679,2
2121,1677,2
2122,1678,2
2123,1681,2
2124,320,2
2125,1547,2
2126,1566,2
2127,1567,2
2128,1569,2
2129,1621,2
2130,1492,2
2131,1493,2
2132,1496,2
2133,1497,2
2134,1498,2
2135,1500,2
990,1500,3
2136,1533,2
2137,1517,2
2138,1481,2
2139,1532,2
2140,1690,2
2141,1691,2
2142,1693,2
2143,1696,2
2144,1695,2
2151,1476,2
2145,1457,2
2146,1458,2
2152,125,2
2147,1459,2
2153,101,2
2154,1463,2
2155,1642,2
2156,1707,2
2158,1468,2
2157,1467,2
973,1467,3
2161,1479,2
2159,1469,2
2160,1466,2
2162,1645,2
2163,1535,2
2164,1037,2
2165,1099,2
2166,1114,2
2167,300,2
2168,316,2
2169,401,2
2170,404,2
2171,598,2
2172,597,2
2173,595,2
2174,961,2
2175,1307,2
2176,1306,2
872,1306,3
2177,1391,2
2178,989,2
2179,966,2
659,966,3
2213,1847,2
2180,1415,2
2181,1416,2
2182,1423,2
2183,1424,2
2214,1848,2
2184,1441,2
2185,226,2
2186,290,2
2187,53,2
2188,1303,2
2199,710,2
2200,917,2
1936,917,3
2201,918,2
2202,1596,2
2215,1849,2
2203,1448,2
2189,1448,3
2204,1449,2
2190,1449,3
2216,1850,2
2205,1450,2
2191,1450,3
2206,1451,2
2192,1451,3
2217,1851,2
2207,1452,2
2193,1452,3
2218,1852,2
2208,1453,2
2194,1453,3
2219,1853,2
2209,1454,2
2195,1454,3
2210,1455,2
2196,1455,3
2230,1864,2
2211,1456,2
2197,1456,3
2220,1854,2
2212,1399,2
2198,1399,3
2221,1855,2
2222,1856,2
2223,1857,2
2224,1858,2
2225,1859,2
2226,1860,2
2227,1861,2
2228,1862,2
2231,1865,2
2229,1863,2
2239,1873,2
2232,1866,2
2233,1867,2
2234,1868,2
2235,1869,2
2236,1870,2
2237,1871,1
2238,1872,2
2240,1874,2
2241,1875,2
2242,1876,2
2243,1877,2
2245,1879,2
2247,1880,2
2246,1878,2
2244,1878,3
2248,1881,2
2249,1882,2
2250,1883,2
2251,1884,2
2252,1885,2
2253,1886,2
2254,1889,2
2255,1890,1
2256,1282,2
2257,1891,2
2258,1892,2
2259,1893,2
2260,1894,2
2261,1895,2
2262,1896,2
2263,1897,2
2264,1826,2
1115,1826,3
2265,1898,2
2266,1899,2
2267,174,2
2268,1900,2
